{
	"creativeSetId": "collections",
	"strapline": "",
	"cta": "",
	"domain": "",
	"quantToChoose": 3,
	"currency": "",
	"showPercent": "off",
	"percentBreak": 25,
	"loops": 2,
	"staticDuration": 2000,
	"startAlpha": 1,
	"staticAlpha": 1,
	"products": [
		{
			"title": "Low impact. Colorful, minimalist styles that flow with intention.",
			"des": "Try it: every day, yoga, dog walking, extreme brunching.",
			"image": "data/thirdlove_muse.jpg"
		},
		{
			"title": "Medium impact. Engineered, sculpted seamless compression.",
			"des": "Try it: cross-training, meet-up workouts, long weekend-ing.",
			"image": "data/thirdlove_flex.jpg"
		},
		{
			"title": "High impact. Adjustable x-back in 22 sizes made to move it.",
			"des": "Try it: running, boot camp, kid chasing, endorphin hunting.",
			"image": "data/thirdlove_kinetic.jpg"
		}
	]
}
